text,label,notes
"Since the last patch, aerial car control has noticeably changed — the deadzone adjustments affect how you feather boost during 50/50s. Watch any SSL replay pre vs post patch and count how often they use micro-boosts vs full burn. The physics shifted, it's not placebo.",analysis,
"Jstn is the most mechanically gifted player this game has ever seen. Not debatable. His ceiling shots in RLCS X were things I didn't think were humanly consistent.",hot_take,
"Just got demoted from Diamond 2 to Diamond 1 because my teammate spent three games in a row going for every single ball regardless of positioning. I hate this game so much right now.",rant,
"If you're struggling with fast aerials, the key is the timing of your second jump. Jump, tilt forward, THEN boost — not all at once. Most people boost simultaneously with the jump and wonder why they can't get height. Practice the timing in freeplay for 15 minutes.",tip_or_guide,
"The Octane hitbox is objectively the most versatile in the game. Its length-to-width ratio means you get reliable flicks AND solid clears. Any other hitbox is just a preference, not an advantage.",hot_take,
"MMR decay in ranked needs to come back. The amount of smurfs sitting in plat 3 because they stopped playing two seasons ago and never got reset is genuinely ruining the experience for everyone climbing legitimately.",rant,
"According to tracker.gg data from last season, players who maintain above 55% boost efficiency (never going below 20 boost) climb on average 1.2 divisions faster than players with the same win rate but worse boost management. Rotation fixes games. Boost fixes ranks.",analysis,
"For Wall hits, stop trying to jump off the wall sideways — it kills your momentum. Instead drive up, leave the wall going forward, and let your aerial correction do the work. You want to attack the ball, not pivot toward it.",tip_or_guide,
"Fennec is just a better Octane. There, I said it. The slightly wider nose makes aerial contacts more forgiving and every SSL I've watched has been trending toward it for two seasons. Octane loyalists are coping.",hot_take,
"4 games in a row with a teammate who refuses to rotate back. 4 games. I don't understand how people at plat 3 still do not understand that you cannot both chase the ball.",rant,
"The reason free-to-play killed casual Rocket League is measurable: average game time in casual dropped from 4:58 to 3:21 post-F2P according to community-sourced data on rl_stats subreddit, because new players leave mid-game constantly. The ranked experience didn't change much — it's casual that died.",analysis,
"Anyone grinding aerial control: do the aerial training packs before ranked every session, not after. Your brain is freshest at the start and muscle memory builds faster when you're not already fatigued from 8 games.",tip_or_guide,
"Squishy Muffinz is the greatest player in RL history. Not Jstn, not Justin, not Fairy Peak. Squishy. His mechanics in 2019 RLCS were five years ahead of everyone.",hot_take,
"My 2s partner and I just went on a 7 win streak and climbed from P1 to P3 in one session. Then I queued solo and went 1-7. Solo queue is genuinely a different game.",rant,
"The musty flick works because of overshoot — you boost past the ball and flip into it from above. The physics only work if your car nose is below the contact point at flip time. If you're flipping from the side you're doing a different mechanic entirely.",analysis,
"Boost pads on your side of the field should almost never go to the opponent. Rotate to deny them. At lower ranks this free boost differential wins games on its own before mechanics even matter.",tip_or_guide,
"Epic has completely destroyed the competitive scene. The game feels pay-to-win cosmetically, the esports coverage is garbage, and they clearly don't care about the ranked playerbase. Psyonix was better alone.",hot_take,
"I have a 52% win rate, 350 hours, and I'm still hardstuck gold 3. This is statistically not possible unless the system is broken. I cannot be this average.",rant,
"The reason top-level teams shifted to more passive rotations post-2022 is readable in the data: average shots per game in RLCS dropped ~15% while save rates climbed. Teams learned that preventing 50/50 losses is higher EV than forcing risky plays. Defense became the meta.",analysis,
"If you're silver or gold and want to climb fast: learn to save. Not flashy saves — basic positioning saves. Most goals at your rank are scored because the defender was out of position, not because the attacker was good.",tip_or_guide,
"NRG will win the next World Championship. Their roster depth is unmatched and Jstn has been in the best form of his career. Everyone else is competing for second.",hot_take,
"Got put into a 2v3 because someone quit in the first minute, played the whole game, nearly won, and still got -10 MMR for losing. Absolutely broken system.",rant,
"Kickoff positions are not arbitrary. The angled kickoffs that cut across have a statistically higher chance of winning the 50/50 because you make contact at a more perpendicular angle. The 'go wide' kickoff is actually EV-negative unless you intend to fake.",analysis,
"Shadow defense — staying between the ball and your net without committing — is the single most underrated skill in the game below Diamond. Mechanics don't win you games. Not conceding wins you games.",tip_or_guide,
"The Breakout hitbox deserves more credit. Its long, flat profile is genuinely better for aerial redirects than Octane and pros who focus on flicks use it for a reason. Slimeball isn't just a meme pick.",hot_take,
"Just lost a game I should have won 5-2 because my teammate decided to do 360 spins instead of playing. Casual is unplayable. Ranked is unplayable. This game is cooked.",rant,
"Air roll left vs air roll right is not purely preference — if you favor one direction for redirects, you're leaving half the field of shots where your flip direction is awkward. Practicing both is necessary above Champion.",analysis,
"For anyone learning ceiling shots: the most common failure point is dropping off the ceiling too early. Wait until you feel your car start to slide before jumping. The car should almost fall before you commit.",tip_or_guide,
"BDS is the best team in the world. No one comes close to their coordination. The EU vs NA debate is over — EU has completely dominated world championships for a reason.",hot_take,
"My rank tanked this season because I had a string of games with leavers and there's no forgiveness in the MMR system for that. I lost 180 points to people who quit. That's inexcusable.",rant,
"The reason pinches work is momentum transfer. The ball is trapped between two objects with kinetic energy — your car and the wall. The resulting velocity is roughly additive. That's why a small pinch from a slow car can still pop the ball incredibly fast.",analysis,
"If you're hardstuck below Diamond, audit your replays for one thing: how often you go for a ball when your teammate is already committed. Double commits kill more games than any mechanic failure.",tip_or_guide,
"Rizzo is genuinely the most underrated person in this entire scene. As a caster, analyst, and former pro, nobody brings more game knowledge per sentence. Dazerin and Jstn are more famous but Rizzo is more valuable.",hot_take,
"Three games in a row where the enemy team had a smurf who was clearly a GC playing in Gold lobbies. I reported all three. Absolutely nothing will happen. Psyonix doesn't care.",rant,
"Garret G and Jstn's peak in 2019 is the highest the game has ever been played mechanically. You can pull the VODs and compare shot difficulty to any current RLCS — the creativity index is similar but the consistency in clutch moments was higher.",analysis,
"Speed flip kickoffs are worth learning if you're serious about ranked above Plat. The boost advantage you get from winning kickoffs consistently compounds — one extra large boost per game adds up to real pressure over 5 minutes.",tip_or_guide,
"The game peaked in Season 4. Everything since then has been a slow decline in competitive quality and map design. Rings map was the beginning of the end.",hot_take,
"I genuinely do not understand how I can be top scorer in a loss. I had 3 goals, 2 assists, and we still lost 4-3 because one teammate scored an own goal and the other literally never touched the ball.",rant,
"In RLCS data from seasons 11-15, teams with the highest average boost differential (how much more boost they held vs gave up) correlated with win rate at r=0.71 — stronger than shot accuracy or save rate. Boost control is the highest-leverage team skill.",analysis,
"For beginners: the single most impactful setting change you can make is turning off camera shake. It sounds minor but it reduces visual fatigue significantly over long sessions and lets you read the ball more clearly.",tip_or_guide,
"Leth and SunlessKhan have done more for this community than any pro player. The amount of players who learned mechanics from those two YouTube channels is genuinely staggering.",hot_take,
"Someone scored on their own net to win the game for me in overtime. I don't even feel good about the win. That's how bad this game's matchmaking has gotten — randomness decides everything.",rant,
"The Plat-Diamond wall is so thick because it's where rotation discipline starts to actually matter. Below Plat, solo skill carries. At Diamond, your positioning relative to your teammate determines games. The mental model shift required is significant — it's a real skill wall, not a grind wall.",analysis,
"If your aerials are inconsistent, spend one session doing nothing but boost-management aerials — go up, come down, go up again — without touching the ball. You want to feel neutral air control before you try hitting anything.",tip_or_guide,
"G2 Esports will always be the most iconic Rocket League org. The SquishyduckFace, Jstn, Chicago run was the most dominant stretch in NA history and nothing will touch it.",hot_take,
"I genuinely cannot believe I just got reported for 'unsportsmanlike behavior' after my teammate left and I had to play a 1v2 for four minutes. The reporting system is completely broken.",rant,
"The reason Fennec has a higher pick rate among pros now isn't just aesthetics — the hitbox orientation at boost-off angles is slightly more forgiving for passes coming from wide angles. It's marginal, but at pro level marginal is meaningful.",analysis,
"Learn to read the ball's trajectory off the wall before you commit to going up. Most missed aerials are from players chasing — if you read where the ball will be in 1.5 seconds, you go to that spot, not after the ball.",tip_or_guide,
"Rocket League has the highest skill ceiling of any esport. More than Starcraft. More than Street Fighter. The combination of 3D physics, boost management, and team coordination has no comparable ceiling in competitive gaming.",hot_take,
"6-0 loss in 2s. My teammate literally sat in net the entire game without moving and said 'I'm lagging' in chat. Six. Zero.",rant,
"Analyzing the last three RLCS world championships: the winning team in each case had a positive boost differential AND a below-average shot attempt rate. Winning teams take fewer but better shots — they don't try to outshoot opponents, they out-rotate them.",analysis,
"Beginner tip: you can drive on the wall and ceiling indefinitely as long as you maintain speed. The grip is physics-based, not a special mechanic. Get comfortable driving up walls before you try jumping off them.",tip_or_guide,
"Chronic is the most underrated player in NA right now. His reads are insane and the only reason he doesn't get more attention is that he's not on a flashy team. Watch his positioning in any series.",hot_take,
"I've been in a losing streak for nine straight games and I genuinely cannot figure out what I'm doing wrong. My stats look fine. My positioning feels okay. The game just hates me.",rant,
"The data on 1v1 performance is interesting — players who win 1v1 duels at a higher rate in 3s don't necessarily have better team performance. In fact, high-duel-rate players tend to have lower assists and lower team win rates. Passing play beats solo carrying at organized levels.",analysis,
"For training packs: the best ones are the ones that frustrate you. If you're completing a pack at 80%+ success rate, you've graduated — find a harder one. Comfort means you're not growing.",tip_or_guide,
"The 2v2 mode is genuinely the best competitive mode in the game. Not 3v3. In 2s, every mistake is traceable to exactly you or your partner. There's nowhere to hide and the skill expression is cleaner.",hot_take,
"Ranked resets ruin my life every season. I'm a Diamond 2 player who has to spend three weeks in Gold lobbies watching people drive off the field. Reset is a terrible mechanic.",rant,
"Flip resets are not just a flashy mechanic — they serve a tactical purpose. They allow you to hit a second aerial shot from inside the opponent's half with full flip power, which is nearly unsaveable. Pros don't use them for style, they use them because the pressure is real.",analysis,
"If you use analog stick steering instead of digital (keyboard), spend time calibrating your deadzone settings. Most controllers have 3-8% stick drift that compounds at high speed. Reducing deadzone from default actually gives you more control, not less.",tip_or_guide,
"The Dominus hitbox is slept on by 90% of the community. Its long flat profile makes it the best car in the game for ground shots and wall plays. The 'Octane or bust' crowd has never seriously tried it.",hot_take,
"I went 8-2 this session and gained 12 MMR. Last week I went 4-6 and gained 20 MMR. I have no idea how this system works and I don't think Psyonix does either.",rant,
"In professional play, the team with fewer turnovers wins approximately 73% of games — higher correlation than goals scored per game or save rate. Turnover prevention (controlled clears, not force-50s) is the most reliable predictor of pro-level results.",analysis,
"Doing ground dribbles in training before every ranked session is not optional if you want to climb past Champ. The touch control you build translates directly to how you control the ball in pressure situations.",tip_or_guide,
"Team Vitality is the best-coached team in RLCS history. Their strategic adaptations mid-series are unmatched. Paschy's development as a coach has been remarkable to watch.",hot_take,
"My internet was fine all day and then started lagging the second I got into a ranked game. Lost -20 MMR. I hate this game.",rant,
"The 'don't go for it' instinct — knowing when NOT to challenge — is harder to learn than any mechanical skill and is the primary difference between Diamond and Champ players. Mechanical ceilings are similar between those ranks. Decision-making isn't.",analysis,
"If you're on controller, try claw grip for boost management. It's uncomfortable at first but being able to maintain boost input while adjusting your aerial angle without repositioning your thumb is a massive unlock.",tip_or_guide,
"Rocket League is the most balanced esport in the world. Every other major esport has patches that break the meta for months. RL has been fundamentally sound for six years.",hot_take,
"Three overtime losses in a row. In overtime. I am going to put my controller through a wall.",rant,
"The reason high-level players rarely use the diagonal kickoff position anymore is that the speed flip from the center position wins the 50/50 at a higher rate due to arrival angle, as analyzed in SunlessKhan's breakdown using frame data from 1000 RLCS kickoffs.",analysis,
"For newer players: boost management matters more than mechanics at every rank below Diamond. You can have perfect aerial control and lose every game if you're running at 0 boost constantly. Prioritize rotation to pads.",tip_or_guide,
"The Rocket Pass skin system is one of the best monetization models in gaming. You always know what you're getting, the premium track is earnable through play, and nothing is pay-to-win. EA could never.",hot_take,
"Spent 2 hours grinding ranked and ended exactly where I started. 10 games. Net zero MMR. I need therapy.",rant,
"Fast aerials are faster than regular aerials by approximately 0.18 seconds on average to first touch, based on community measurements. That gap determines whether you beat a contested ball or arrive late. The technique difference is worth learning purely for the timing advantage.",analysis,
"Shadow defense drill: put a bot on your net and practice staying between it and the ball without jumping. Your goal is to force the bot wide, not to challenge. This trains your reactive positioning better than any ranked game.",tip_or_guide,
"Moist Esports is doing more for the Rocket League scene than any other org right now. NRG gets the headlines but Moist is developing talent at a level no one else is.",hot_take,
"I had a hattrick and we still lost 4-3. I don't know what more I can do. I scored three goals. Three. And we lost.",rant,
"The 'demo to reset boost' strategy works because of math: a demo costs your opponent their car for ~3 seconds AND their remaining boost. If they have 80 boost, that's equivalent to giving yourself a full boost pad denial. High-boost demos are positive EV at high level.",analysis,
"For ground control: practice the dribble training packs with camera set to ball cam off for one session. It forces you to feel the car-ball contact rather than staring at the ball. It transfers back to normal play as better instinctive touch.",tip_or_guide,
"Fairy Peak is the most consistent player in RLCS history. Not the most mechanically impressive, but the most reliable performer across multiple seasons and formats. That's more valuable than highlight clips.",hot_take,
"I literally just had a teammate who scored three own goals and then left the game. Three. Own. Goals. This is Diamond 1. How is this Diamond 1.",rant,
"The correlation between team age (average seasons played together) and RLCS win rate is positive up to about 18 months, then plateaus or slightly reverses. Teams get better with familiarity but stagnate if they never make tactical adjustments — chemistry and adaptation both matter.",analysis,
"Get in the habit of looking at the minimap every 3-5 seconds. At lower ranks this single habit will improve your rotation more than any mechanical practice because you'll stop making decisions based on incomplete field information.",tip_or_guide,
"The trade system for items should have been preserved when Epic took over. Letting the community trade is how a game stays alive between seasons. Removing it was pure greed.",hot_take,
"We were up 3-0 with 1 minute left. Lost 4-3 in OT. I need to stop playing this game.",rant,
"In 1v1, the defensive crouch — staying in a ready position near your net rather than committing to a 50 — wins games at lower ranks because opponents at those levels cannot consistently punish passive play. Aggression at 1v1 is a skill unlock, not a default strategy.",analysis,
"If you're trying to learn the wave dash, start on the floor not the wall. Floor wave dash is the same mechanic but with a more forgiving margin of error on the timing. Master floor first, then transfer to wall.",tip_or_guide,
"The original ranked seasons 1-6 were peak Rocket League competitive design. Division system, actual seasons with storylines, community watch parties. Everything since F2P is corporate slop.",hot_take,
"I'm on a 12-game losing streak. I've looked at my replays. I don't know what I'm doing wrong. I just lose. Every game.",rant,
"Looking at RLCS regional breakdown: EU wins world championships at a 3:1 ratio against NA. However, when you control for roster tenure and boot camp access, the gap narrows significantly — resource access explains a meaningful portion of the skill gap, not just regional culture.",analysis,
"For anyone who double commits constantly: set a rule for your next 10 games — if your teammate is closer to the ball, turn around. No exceptions. This feels passive but it will fix your rotation faster than any advice.",tip_or_guide,
"The RLCS production quality has gotten dramatically better over the last three seasons. The camera work, the casting team depth, the analyst desk — it's genuinely tier-1 esports production now.",hot_take,
"Just got a 7-day ban for something I said in chat that any reasonable person would agree was not offensive. The moderation system is completely arbitrary.",rant,
"Boost pad distribution on standard maps creates a structural advantage for the team that wins the opening kickoff: first team to large pads gets ~100 boost in the first 8 seconds vs ~72 for the reactive team. This opening boost differential shapes the first offensive sequence disproportionately.",analysis,
"If you keep losing games at 0:05 seconds because of late rotations, practice kickoff positioning. You should have a default kickoff position memorized for 2v2 and 3v3 so you never have to think about where to go — your brain should only be thinking about what to read.",tip_or_guide,
"Cloud9's RL legacy is underrated. Their run with Torment, Gimmick, and Followed before the meta shifted was some of the best team coordination the NA scene produced in early RLCS.",hot_take,
"I've queued 22 games in 3 days and gained 6 MMR total. This is not a game. This is psychological torture.",rant,
"The Plat-to-Diamond transition has a measurable mechanical prerequisite: players who can consistently complete the 'Aerial Shot' training pack at 60%+ move through Diamond 1-2 at roughly double the rate of players who can't. Aerial threat potential changes how opponents defend you, even at lower levels.",analysis,
"Learn the power slide. In tight net defense situations, power sliding lets you redirect your car without losing speed. It's mapped to air roll button on the ground — most players never use it and it's a free upgrade to your ground play.",tip_or_guide,
"Rocket League in 2024 has better fundamentals than any team-based game on the market. The physics engine is stable, the skill floor is accessible, the ceiling is infinite. No other game comes close to that balance.",hot_take,
"My duo partner and I were on a 10-game win streak. We were in the zone. Then he had to go to bed and I played three solos and undid everything. Why did I do that.",rant,
"Analyzing pro player cam settings: 90% of RLCS players use a distance between 260-280 and height between 100-110. These settings exist at a sweet spot where you can see your car clearly AND maintain peripheral awareness of the near field. Outlier settings (very high/low) correlate with a specific playstyle, not preference.",analysis,
"Ground dribbling tip: keep the ball on the nose of your car, not the roof. Roof dribbles are flashier but nose dribbles give you more directional control for sharp cuts. Most players learn roof dribble first because it's easier, but nose dribble is more applicable.",tip_or_guide,
"NRG has the best brand in Rocket League esports. Their content, roster decisions, community engagement — they treat RL as a flagship property, not a side project. Other orgs should take notes.",hot_take,
"Lost a ranked game because my own teammate demo'd me in our half. On purpose. Intentionally. He demo'd me on our side and then the opponent scored. I've never felt like this before.",rant,
"The meta shift toward lower-boost-cost aerials in RLCS (less full-field plays, more second-man shots) is driven by shot clock math: a full-field aerial costs ~80 boost and takes ~2.2 seconds, giving the defense time to set. A second-man redirect costs ~30 boost and arrives in ~0.8 seconds. The tradeoff is information, not skill.",analysis,
"If you're struggling with saves: the mental model should be 'get to the ball's landing spot' not 'chase the ball.' Most missed saves happen because the player is tracking the ball rather than predicting its trajectory.",tip_or_guide,
"Rocket League is more mechanically demanding than every traditional sport. Coordination, reaction time, spatial reasoning, and strategic play all at once, in a physics environment humans have never evolved for. It's the hardest competitive game ever made.",hot_take,
"I've had three internet outages this week all during ranked games. I've lost 45 MMR to disconnections that were not my fault. There needs to be a forfeit protection system.",rant,
"The stat that surprised me most from community RLCS data: save percentage is more predictive of match wins than goal percentage across all major regions. Teams that save more win more, even controlling for shot volume. Defense truly is the highest-leverage skill.",analysis,
"For anyone playing 3v3: in the third-man rotation slot, your job is primarily to contest boost, not to get involved in the play. Your presence near large pads forces the opponent to think about denial. Third man as a boost-contesting role is more valuable than third man as a support attacker.",tip_or_guide,
"Amustycow still has the most iconic mechanics channel in RL history. The way he made mechanics accessible without dumbing them down created more high-level players than any other content creator in the community.",hot_take,
"Someone just hard-inted my game in ranked because I wouldn't boost them or something. I don't understand. I don't understand people.",rant,
"Looking at rank distribution data from Psyonix: approximately 38% of the active ranked playerbase sits in Gold, while Diamond accounts for only 8%. The Gold wall is not perception — it's structural. The gap in decision-making required to break out of Gold is real and discrete.",analysis,
"For beginners struggling with aerial car control: the rule is 'always know which way is up.' Roll your car to face the direction you want to go, then boost. If you lose orientation, fall, reset, and try again. Don't panic-boost when disoriented.",tip_or_guide,
"Rocket League subreddit quality has gotten significantly worse since F2P. The game grew, but the discourse shrank. Every thread is rank complaints and cosmetic drama now. The technical discussion that made this community worth visiting is almost gone.",hot_take,
"Down 3-0, our team started the comeback. 3-1. 3-2. 3-3 with 0:01 left. Then we lost 4-3 in OT. That comeback meant nothing. This game is designed to hurt you.",rant,
"The reason Jstn plays faster than almost everyone in the league is not raw mechanical speed — it's pre-read depth. He's deciding his movement 0.5-0.8 seconds further ahead than average pros, which looks like faster execution but is actually earlier decision-making. The frame data shows similar reaction times to peers, but lower average decision latency.",analysis,
"For players trying to learn flicks: before you learn the musty, learn the basic nose flick. Jump, stall the ball on your hood, flip forward. It's less fancy but vastly more reliable in games and will get you goals at every rank below GC.",tip_or_guide,
"The RL subreddit community genuinely one of the most welcoming in competitive gaming. Compared to the League or CSGO communities, the average interaction here is constructive and good faith. We should protect that.",hot_take,
"I played my placement matches this season and went 5-2. Got placed in Silver 2. Last season I was Diamond 1. I don't know what to say. I just don't know.",rant,
"Tracking ball rotation off the backboard requires understanding predictable bounce physics: the ball's lateral velocity is preserved roughly 70% after backboard contact while vertical velocity is reduced ~50%. You can calculate where the ball will land with reasonable accuracy if you see the entry angle.",analysis,
"When practicing mechanics in freeplay, use the 'custom training' codes shared on the community Reddit. The standard freeplay mode is too unstructured — you end up practicing the shots you're already good at. Curated training packs target your weak spots.",tip_or_guide,
"The Rocket League trading community before Epic ruined it was one of the healthiest player economies in gaming. Peer-to-peer item trading with real market value created engagement that no loot box system can replicate.",hot_take,
"I'm 50 hours from my next season reward color and I am so tired of ranked. I can feel it affecting my play. I'm worse when I care about the cosmetic. I hate that I care.",rant,
"In ranked 2s, the data shows that the player with lower ping wins the 50/50 ball at a rate approximately 5-7% above expected. At high level, that margin is meaningful — which is why pro 2s players specifically target opponents with high ping with aggressive 50s near their net.",analysis,
"For car control in the air: if you can't consistently aerial, try removing boost from your aerial inputs entirely for one session. Pure air roll and steering, no boost. It trains you to feel the orientation rather than rely on boost to correct mistakes.",tip_or_guide,
"Team Vitality's peak was untouchable. Three RLCS world championship appearances with different roster configurations around the same core is organizational excellence at a level no other RL team has managed.",hot_take,
"I just want to say I've been hardstuck Plat 2 for four months and I've watched every video, done every training pack, and I still can't get out. I'm not here to complain. I'm just tired.",rant,
"Analyzing kickoff win rates: the speed flip kickoff wins the first touch approximately 62% of the time against a straight kickoff when both players are in position. However, against another speed flip, win rate returns to near-random. The optimal response to a speed flip opponent is another speed flip, not a fake.",analysis,
"Ground-to-air transition drill: drive at full speed toward a wall, boost up, and try to air dribble the ball along the wall. Don't worry about scoring — worry about maintaining ball contact for 3+ touches. This builds the spatial awareness for real aerial plays.",tip_or_guide,
"Squishy's 2019 run is the most impressive individual peak in competitive RL. His ceiling in the semifinals that year was not from this planet. Nothing before or after has matched that level of consistent brilliance under pressure.",hot_take,
"Went into a ranked game, connection drops after kickoff, reconnect to find it's 0-2, teammate already rage-quit. Down 2 in a 1v2 with 4 minutes left. Lost. -20 MMR. Goodnight.",rant,
"The reason high-level players use corner boosts rather than going for midfield pads is risk management: midfield pads require your car to cross the center line (creating rotation issues) while corner boosts keep you on your defensive half in a ready position. It's spatial, not just about the boost amount.",analysis,
"Before every ranked session, spend 5 minutes in freeplay just driving. Not hitting the ball. Just driving — figure eights, wall driving, getting your car feel calibrated. Your muscle memory needs a warmup just like your body does for physical exercise.",tip_or_guide,
"Rocket League tournaments need a proper format. Single-elimination for community tournaments is a horrible way to determine skill. Best-of-three minimum for everything.",hot_take,
"I have spent $140 on this game in cosmetics and the game just crashed during a ranked game, gave me a loss, and I can't even submit a ticket without waiting 48 hours. Where is my money going.",rant,
"The 1-1-1 forward-mid-back rotation in 3s is optimal for about 60% of game states but actively harmful in transition defense. Teams that rigidly maintain positional roles instead of reading the play give up fast-break goals at a 40% higher rate than teams who make context-dependent rotation adjustments.",analysis,
"If you want to improve at reading the game, record yourself playing and watch it back at 0.5x speed. Everything that felt fast during the game becomes obvious in slow motion. You'll see your double commits, your lazy rotations, and your missed reads in a way you never do in the moment.",tip_or_guide,
"The competitive Rocket League community needs to stop gatekeeping new players. Yes, the learning curve is steep. Yes, some players are annoying in casual. But every high-level player was awful once.",hot_take,
"I peaked Diamond 3 last season. Started this season at Plat 2. Three weeks of grinding and I'm Diamond 1. I know it's coming back. I just hate this part so much every single time.",rant,
"Studying shot placement data from RLCS 2023: shots aimed at the far post scored at a 34% rate versus 21% for center shots. Far post dominance is consistent across regions and skill levels, suggesting it's a structural feature of the game's geometry rather than a meta preference.",analysis,
"For aerial training, use the 'Rings' custom map that's in the community workshop codes. Flying through rings is far more efficient at building aerial precision than any shot-based training pack because it isolates car control from ball contact.",tip_or_guide,
"The RLCS Worlds format of recent seasons is the best tournament structure in esports. Double elimination with best-of-seven finals is genuinely exciting to watch and gives teams the best shot at showing true skill over luck.",hot_take,
"I genuinely think I'm being targeted by the matchmaking system. I know that sounds paranoid. But I've gone 2-9 in every single session this week at the same time of day. Something is wrong.",rant,
"The boost cost of full-field plays creates a mathematical bottleneck: at 100 boost used for a shot plus 40 boost needed for immediate pressure, teams attempting full-field play in rapid succession will be boost-neutral within 20 seconds. The teams that neutralize boost economy earliest tend to win the attrition game.",analysis,
"If you're learning to read the ball, watch the spin. The ball's rotation on contact tells you where it's going to go. A ball spinning toward you after a wall hit will come back to you. A ball spinning away will drift wide. Spin reading is an advanced skill but it's learnable.",tip_or_guide,
"This game has the best replay system of any competitive game. The ability to watch your own games from any angle, at any speed, is a competitive analysis tool that most esports players don't have. Use it.",hot_take,
"I legitimately cannot believe I just got reported after a game where I had 5 saves and my teammate had zero shots. Zero. I was literally holding the team together. And I got reported for something.",rant,
"Based on aggregate data from high-MMR players tracked on tracker.gg: players who break into SSL from GC have an average of 43% higher 'big boost collected per game' than GC players at the same win rate. SSL is differentiated not by shooting but by never being caught without boost when a play develops.",analysis,
"For players trying to understand the meta: watch VODs of RLCS regional events at 1.25x speed. The plays happen slow enough at that speed to follow rotations, and the teams are running textbook positioning. You'll see what good rotation actually looks like in practice.",tip_or_guide,
"G2's RLCS XI run was the most dominant regular season performance in RL history. Jstn was in a different dimension. That team could have beaten anyone in the world at their peak.",hot_take,
"The amount of times I've carried a team to 3-2 only to have a teammate score an own goal in the last 30 seconds is not a coincidence. This is something the universe is doing to me specifically.",rant,
"When Psyonix introduced the 'uncertainty' mechanic to ranked, average season start losses dropped by approximately 22% among players who had established ratings from prior seasons. The uncertainty buffer is a real technical improvement to the ranking system, though it's invisible to most players.",analysis,
"The best mechanical warmup you can do is 10 minutes of freestyle in freeplay with no specific goal. Just mess around — bounce off walls, practice resets, do rolls. Unstructured play before structured play unlocks creativity during actual games.",tip_or_guide,
"The Rocket League Championship Series is genuinely underappreciated by the esports world. The production, the competition level, the player personalities — it's one of the most watchable esports and it gets a fraction of the coverage Valorant or LoL does.",hot_take,
"I don't even know how to explain this. We were up 4-1 with two minutes left. Won 5-4 in overtime after somehow being tied. I need to go outside.",rant,
"In a study of 10,000 ranked games at Plat-Diamond level, players who made fewer than 2 double-commits per game won at a 58% rate versus 44% for players who averaged 4+ double-commits. Single behavior change. 14% win rate difference. Rotation discipline is the most measurable path to rank improvement.",analysis,
"If you're on PC, try lowering your render quality settings to maximize your frame rate over 120fps. The perceptual clarity of consistent high frames outweighs every graphical setting for competitive play. Frame rate is a competitive advantage.",tip_or_guide,
"Rocket League will always be the best physics-based game ever made. The combination of unpredictable ball physics with consistent car physics creates the perfect competitive environment — skill can thrive without the game ever feeling solved.",hot_take,
"Every ranked reset I tell myself I'll take it slow. And every ranked reset I immediately play 40 games in two days and tank my MMR and have to spend six weeks recovering. I'll probably do it again next season.",rant,
"Analyzing the 'pass or shoot' decision in 3s: when a player has the ball with teammates behind the defense, shooting scores at a 28% rate; threading a pass for a teammate's shot scores at a 31% rate. The pass is marginally better, but the real data point is that both options score less than 1/3 of the time — which means transition defense is almost always the right call for the third player.",analysis,
"Train your saves by putting yourself in bad positions in freeplay on purpose. Goalkeepers drill the hardest shots, not the easiest. Start the ball behind you, or near the crossbar, or on the back wall. Practice from disadvantage.",tip_or_guide,
"Psyonix's original dev team before the Epic acquisition is responsible for one of the greatest game designs in history. The simplicity of the concept — cars, ball, goal — with the depth of physics engine they built underneath it is genuinely genius.",hot_take,
"Hardstuck Gold 2 for two months. Watched every SunlessKhan video. Watched my replays. Did training packs. Nothing changes. I don't know if I have the brain for this game.",rant,
"Cross-platform data from RLCS shows PC players make up approximately 65% of the top 500 in every region, despite representing only about 40% of the ranked playerbase. The input precision difference between mouse-and-keyboard-adjacent controller on PC vs console is measurable, though contested. Controller on PC performs between console and native PC players.",analysis,
"The habit that separates average players from great ones isn't mechanics — it's what you do the 5 seconds after you hit the ball. Go back. Always go back. Every time you hit the ball aggressively, your first thought should be recovery rotation, not admiring the shot.",tip_or_guide,
"The Rocket League esports community on Twitch is one of the most positive live chat experiences in gaming. Compared to other esport communities during live events, RL chat has a noticeably higher ratio of actual game discussion. The community respects the game.",hot_take,
"My mechanical skill is clearly good enough to be Diamond. My stats show I outperform my teammates consistently. The system is placing me wrong and I don't know how to fix it.",rant,
"The highest-leverage skill improvement at every rank below Champion is consistent power sliding for defensive positioning. It costs no boost, it's available from moment one of a session, and it directly prevents the over-committing that kills games. Most players never use it.",analysis,
"Get comfortable with the concept of 'giving up a shot to win position.' If you're in a bad spot on the field and the opponent is about to shoot, sometimes the right play is to concede the shooting lane and recover rather than diving in and leaving the net open.",tip_or_guide,
"The most common mistake I see in Diamond players is going for the 50/50 on a ball that's already past them. If the ball is behind you, let it go. Your job is recovery position, not a desperation flip. Fighting a ball behind you almost always results in a turnover.",tip_or_guide,
"Aerial shots toward the far post score at higher rates than center shots at every rank — this holds in community data from plat through SSL. The geometry of the near-post save is easier for a goalkeeper to execute, so high-level players instinctively redirect toward the far post.",analysis,
"The best thing Rocket League ever did was make all cars functionally equivalent. No pay-to-win hitbox. The cosmetic economy is fine because the car you drive is purely a style choice. That design decision is what kept competitive integrity intact.",hot_take,
"Just hit Grand Champion for the first time. First time in four seasons of trying. I'm literally shaking. I don't know what to do with myself.",rant,
"If you're practicing ceiling shots, the most important thing to internalize is that you have to fall before you flip. Players rush the flip and miss every time. Let gravity start pulling you down, THEN flip into the ball.",tip_or_guide,
"NRG and G2's rivalry defined the NA Rocket League scene for three years. Those two orgs competing for dominance produced the best NA content and the highest-quality matches the region has ever seen.",hot_take,
"The data on demo usage is interesting: teams that attempt more than 8 demos per game win at a lower rate than teams doing 3-5 targeted demos. Excessive demo attempts waste boost and leave your team out of position. Demos are a precision tool, not a strategy.",analysis,
"My friend convinced me to play ranked after a long break. Placements gave me Gold 1. I was Diamond last year. Now I have to grind back up. This was a mistake.",rant,
"For players struggling with consistency: don't practice what you can already do. Identify the one thing you fail at most often in replay review, and make that your only training pack focus for two weeks. Focused practice beats scattered practice every time.",tip_or_guide,
"The EU Rocket League scene has been dominant for so long that NA players have started accepting losing at worlds as normal. It's not. NA needs to study EU play seriously, not just blame team travel schedules.",hot_take,
"I cannot believe I have to explain to a Diamond 2 player that you should not go for a backboard aerial when we are down 1-0 with 30 seconds left. This is not the time for highlight plays.",rant,
"Looking at ball possession data across ranks: teams in SSL and GC spend 30-35% of the game in a 'neutral' state where neither team is directly contesting the ball. How teams use that neutral time — boost collection vs. rotation vs. challenge fake — differentiates top-ranked play from mid-level.",analysis,
"Wave dashing is a legitimate competitive mechanic, not just a flex move. The speed preservation from a wave dash allows you to cover rotation distance in less time than driving. Learning it adds real speed to your ground game.",tip_or_guide,
"Rocket League needs a proper in-game coaching mode. The replay system is good but it takes too long to navigate for quick review. A 'highlight my worst decision this game' feature would be genuinely transformative for player development.",hot_take,
"I know I'm going to regret playing ranked tonight. I can feel it. My hands are already bad. But I'm going to do it anyway. See you on the other side.",rant,
"Studying position data from high-level 3v3: the third man (furthest from the ball) covers more total ground than the first or second man in any given sequence. Third-man positioning is the most spatially demanding role, not the least, because you must anticipate two possible play outcomes simultaneously.",analysis,
"Set aside one ranked session per week where you turn off the score display and play without caring about the result. Just focus on one mechanical thing — boost management, rotation, whatever your current weakness is. The score creates anxiety that worsens decision-making.",tip_or_guide,
"Rocket League is the one game I genuinely believe has more depth than any professional sport. The combination of physical skill, spatial reasoning, team strategy, and real-time adaptation in a 3D physics environment is unprecedented.",hot_take,
"Four losses in a row at exactly 1 MMR above demotion. The game knows. It absolutely knows where I am in the rankings and it is doing this on purpose.",rant,
"The win condition for any under-ranked player is simple in theory: play like your rank, not like the rank you think you belong in. Players stuck in Gold who take Diamond-level risks fail constantly. Predictable, high-percentage plays beat flashy high-risk plays at every lower rank.",analysis,
"To improve at 50/50s: train the approach speed. Arrive slightly slower than your opponent and slightly off-center. You're not trying to beat them to the ball — you're trying to redirect it from a better angle. Speed loses 50/50s. Angle wins them.",tip_or_guide,
"The original RLCS on ESPN was a massive moment for Rocket League. Seeing a car soccer game on cable TV legitimized the whole esport in a way that streaming alone couldn't. That broadcast deal deserves more credit in the game's history.",hot_take,
"I went into ranked for one game to test my connection. Lost. Now I have to play more games to fix the MMR. This is a trap. This game is a trap.",rant,
"Tracking pro VODs across four RLCS seasons: the average shot attempt per game has decreased from 11.2 to 8.7, while the average save rate has climbed from 64% to 71%. The game at the top level has become more conservative and higher-percentage. Offensive creativity is being replaced by defensive optimization.",analysis,
"For anyone learning redirects: the most important variable is your car's angle relative to the ball at impact, not your speed. A slow, well-angled redirect is more accurate than a fast poorly-angled one. Practice angle precision before you try to increase pace.",tip_or_guide,
"Rocket League has never and will never be beaten as a spectator sport for sheer 'oh my god' moments per hour. The physics mean something insane is always possible. No other esport delivers those moments as consistently.",hot_take,
"Today was a 12-game session. I went 5-7. I am going to do literally the same thing tomorrow. I don't know who I am anymore.",rant,
"The average high-GC player in NA collects large boosts at a rate of 4.8 per game versus 3.1 for the average Diamond player, according to tracker.gg aggregate data. That 1.7 boost collection difference represents roughly 170 additional boost per game — a meaningful resource advantage that compounds across each offensive sequence.",analysis,
"To learn rotation, watch your replay from the perspective of your teammate (not your own car). You'll instantly see every time you were out of position because you'll watch yourself from the outside. It's a completely different experience than watching from your own camera.",tip_or_guide,
